{"cameraMode":{"drawMode":0,"name":"Shaded","section":"Shading Mode"},"sceneLighting":false,"audioPlay":false,"sceneViewState":{"showFog":true,"showMaterialUpdate":false,"showSkybox":false,"showFlares":true,"showImageEffects":true,"showParticleSystems":true},"in2DMode":false,"pivot":{"x":748.7534790039063,"y":480.57684326171877,"z":0.0},"rotation":{"x":0.1963985562324524,"y":0.6407964825630188,"z":-0.17445440590381623,"w":0.7213757634162903},"size":17.446218490600587,"orthographic":false}